Blackberry Tart,Bottled Water,Single Espresso,Coffee Eclair
Lemon Cake,Lemon Tart
Lemon Cake,Lemon Tart
Blackberry Tart,Cherry Tart,Opera Cake,Apricot Danish,Strawberry Cake,Bottled Water
Casino Cake,Raspberry Cookie,Strawberry Cake,Coffee Eclair,Napoleon Cake
Berry Tart,Ganache Cookie,Bottled Water
Apple Tart,Apple Croissant,Apple Danish,Strawberry Cake,Bottled Water,Cherry Soda
Blackberry Tart,Marzipan Cookie,Tuile Cookie
Casino Cake,Tuile Cookie
Cherry Tart,Opera Cake,Apricot Danish
Raspberry Cookie,Lemon Cookie,Lemon Lemonade,Raspberry Lemonade,Green Tea
Pecan Tart,Green Tea,Cherry Soda
Single Espresso
Lemon Cake,Lemon Tart,Vanilla Meringue
Gongolais Cookie,Blueberry Danish,Truffle Cake
Blueberry Tart,Apricot Croissant,Hot Coffee
Almond Tart,Blueberry Tart,Gongolais Cookie,Strawberry Cake,Chocolate Eclair,Napoleon Cake
Lemon Cake,Lemon Tart,Raspberry Cookie
Apple Pie,Almond Twist,Hot Coffee,Coffee Eclair
Cherry Tart,Opera Cake,Apricot Croissant,Apricot Danish
Lemon Cake,Lemon Tart,Vanilla Frappuccino,Vanilla Eclair
Chocolate Croissant,Blueberry Danish,Bottled Water
Apricot Tart,Lemon Tart
Almond Bear Claw,Strawberry Cake,Napoleon Cake
Gongolais Cookie,Cherry Soda,Coffee Eclair
Apple Pie,Berry Tart,Coffee Eclair
Raspberry Cookie,Lemon Cookie,Lemon Lemonade,Raspberry Lemonade,Green Tea
Berry Tart,Napoleon Cake
Chocolate Cake,Casino Cake,Orange Juice
Apricot Tart,Apricot Danish
Raspberry Cookie
Ganache Cookie,Chocolate Meringue,Almond Bear Claw,Vanilla Eclair
Strawberry Cake,Chocolate Coffee
Raspberry Cookie,Lemon Cookie,Lemon Lemonade,Raspberry Lemonade,Green Tea
Chocolate Tart,Walnut Cookie,Strawberry Cake,Vanilla Frappuccino
Apple Tart,Apple Croissant,Apple Danish
Berry Tart,Gongolais Cookie,Vanilla Meringue,Almond Twist,Bottled Water
Chocolate Cake,Blueberry Tart,Almond Croissant,Apricot Croissant,Hot Coffee,Vanilla Frappuccino
Lemon Cake,Apple Pie,Lemon Tart,Chocolate Meringue,Marzipan Cookie,Walnut Cookie,Chocolate Coffee
Blackberry Tart,Blueberry Tart,Cherry Tart,Ganache Cookie,Vanilla Meringue
Almond Tart,Berry Tart,Strawberry Cake
Opera Cake,Apple Danish
Raspberry Cookie,Marzipan Cookie,Tuile Cookie
Blackberry Tart,Ganache Cookie,Lemon Lemonade
Almond Tart,Lemon Tart,Chocolate Meringue,Apricot Croissant
Apple Pie,Gongolais Cookie,Bottled Water
Vanilla Eclair
Chocolate Cake,Casino Cake,Chocolate Coffee
Cheese Croissant,Orange Juice
Tuile Cookie,Blueberry Danish
Chocolate Tart,Tuile Cookie,Coffee Eclair
Lemon Cake,Lemon Tart
Apricot Croissant,Chocolate Croissant
Chocolate Cake,Casino Cake,Chocolate Coffee
Blackberry Tart,Almond Croissant,Hot Coffee
Blueberry Danish,Single Espresso
Chocolate Coffee
Lemon Tart,Strawberry Cake,Napoleon Cake
Chocolate Cake,Blueberry Tart,Lemon Tart,Casino Cake,Chocolate Coffee
Chocolate Tart,Ganache Cookie,Lemon Lemonade
Casino Cake,Blueberry Danish,Strawberry Cake,Chocolate Eclair,Napoleon Cake
Raspberry Cookie,Lemon Cookie,Lemon Lemonade,Raspberry Lemonade,Green Tea
Apricot Tart,Marzipan Cookie,Tuile Cookie
Lemon Lemonade
Apple Tart,Berry Tart,Bottled Water
Marzipan Cookie,Tuile Cookie
Lemon Cake,Apple Danish
Apple Tart,Apple Croissant,Apple Danish,Cherry Soda
Cherry Tart,Opera Cake,Apricot Danish
Apple Tart,Blueberry Tart,Truffle Cake
Almond Croissant,Single Espresso
Walnut Cookie,Almond Croissant,Coffee Eclair
Chocolate Tart,Lemon Tart,Almond Croissant
Lemon Cake,Apricot Tart,Apple Danish
Lemon Tart,Cheese Croissant,Single Espresso
Lemon Cake,Berry Tart,Almond Bear Claw,Truffle Cake
Apple Croissant
Lemon Cake,Berry Tart,Gongolais Cookie,Vanilla Meringue,Truffle Cake,Vanilla Eclair
Marzipan Cookie,Almond Croissant,Apple Danish,Almond Twist,Green Tea,Coffee Eclair
Apricot Tart,Apricot Danish,Orange Juice
Gongolais Cookie,Apricot Croissant,Truffle Cake
Apple Pie,Pecan Tart,Tuile Cookie,Almond Twist,Hot Coffee,Coffee Eclair
Raspberry Cookie,Lemon Cookie,Lemon Lemonade,Raspberry Lemonade
Berry Tart,Gongolais Cookie,Opera Cake,Apple Danish,Truffle Cake
Apple Tart,Apple Croissant,Apple Danish,Cherry Soda
Hot Coffee
Apple Tart,Apple Croissant,Apple Danish,Cherry Soda
Berry Tart,Bottled Water
Lemon Tart,Gongolais Cookie,Chocolate Croissant,Green Tea,Truffle Cake
Chocolate Cake,Casino Cake,Hot Coffee,Chocolate Coffee
Blueberry Tart,Apricot Croissant,Hot Coffee,Vanilla Frappuccino,Cherry Soda
Lemon Cake,Cherry Soda
Lemon Cake,Cherry Tart,Opera Cake,Apricot Danish
Apple Pie,Almond Twist,Hot Coffee,Coffee Eclair
Blueberry Tart,Vanilla Meringue,Apricot Croissant,Raspberry Lemonade,Hot Coffee
Lemon Cake,Walnut Cookie,Almond Croissant
Lemon Cake,Lemon Tart
Lemon Cake
Berry Tart,Gongolais Cookie,Almond Twist
Gongolais Cookie,Chocolate Croissant,Lemon Lemonade
Apple Croissant
Blueberry Tart,Chocolate Tart,Green Tea
Lemon Tart,Pecan Tart,Cherry Soda,Vanilla Eclair
Lemon Cake,Apple Tart,Blackberry Tart,Marzipan Cookie,Apple Croissant,Chocolate Croissant,Apple Danish,Cherry Soda
Opera Cake,Lemon Lemonade,Hot Coffee
Apricot Tart,Cherry Tart,Ganache Cookie,Raspberry Lemonade,Vanilla Frappuccino,Cherry Soda
Cherry Tart,Gongolais Cookie,Marzipan Cookie,Opera Cake
Blueberry Tart,Chocolate Tart,Apple Croissant,Cheese Croissant,Orange Juice,Chocolate Eclair
Gongolais Cookie,Marzipan Cookie,Apricot Danish,Truffle Cake
Blackberry Tart,Single Espresso,Coffee Eclair
Apple Tart,Vanilla Meringue,Walnut Cookie,Apple Croissant,Apricot Croissant,Apple Danish,Cherry Soda,Chocolate Eclair
Apple Pie,Apricot Tart,Berry Tart,Bottled Water
Raspberry Cookie,Cheese Croissant,Apricot Danish
Cherry Tart,Walnut Cookie,Chocolate Coffee,Truffle Cake,Vanilla Eclair
Raspberry Lemonade
Lemon Cake,Marzipan Cookie,Tuile Cookie,Opera Cake,Vanilla Eclair
Lemon Cake,Apple Pie,Lemon Tart,Cheese Croissant
Raspberry Cookie,Lemon Cookie,Lemon Lemonade,Raspberry Lemonade
Blueberry Tart,Cherry Tart,Raspberry Cookie,Marzipan Cookie,Walnut Cookie,Almond Croissant,Lemon Lemonade,Single Espresso
Berry Tart,Cherry Tart,Bottled Water
Chocolate Cake,Casino Cake,Chocolate Coffee
Cherry Tart,Opera Cake,Apricot Danish
Apple Tart,Apple Croissant,Apple Danish,Cherry Soda
Apple Pie,Pecan Tart,Walnut Cookie,Almond Twist,Hot Coffee,Coffee Eclair
Casino Cake,Lemon Cookie,Marzipan Cookie
Apricot Tart,Gongolais Cookie,Truffle Cake
Gongolais Cookie,Orange Juice,Chocolate Coffee,Vanilla Frappuccino
Blueberry Danish,Raspberry Lemonade
Apricot Tart,Raspberry Cookie
Lemon Cake,Lemon Cookie,Lemon Lemonade,Orange Juice
Berry Tart,Pecan Tart,Vanilla Meringue,Bottled Water
Apple Tart,Apple Croissant,Apple Danish,Cherry Soda
Ganache Cookie,Marzipan Cookie,Tuile Cookie,Cheese Croissant,Apple Danish,Vanilla Frappuccino,Coffee Eclair
Chocolate Tart,Walnut Cookie,Vanilla Frappuccino
Apple Tart,Apple Croissant,Apple Danish
Apple Pie,Strawberry Cake,Napoleon Cake
Apple Pie,Berry Tart,Cherry Tart,Walnut Cookie,Opera Cake,Apricot Danish
Pecan Tart,Cheese Croissant,Orange Juice
Gongolais Cookie,Bottled Water,Chocolate Coffee
Blueberry Tart,Gongolais Cookie,Cheese Croissant,Almond Bear Claw,Single Espresso,Truffle Cake,Chocolate Eclair
Chocolate Cake,Apple Tart,Casino Cake,Lemon Cookie,Vanilla Meringue,Apple Croissant,Chocolate Coffee
Chocolate Cake,Chocolate Meringue,Chocolate Eclair
Lemon Tart,Gongolais Cookie,Truffle Cake
Apple Pie,Apricot Tart,Berry Tart,Apricot Danish,Cherry Soda
Chocolate Tart,Walnut Cookie,Apricot Danish,Bottled Water,Vanilla Frappuccino
Blackberry Tart,Coffee Eclair
Gongolais Cookie,Truffle Cake
Chocolate Cake,Lemon Cake,Casino Cake,Chocolate Coffee
Cherry Tart,Strawberry Cake,Raspberry Lemonade,Napoleon Cake
Lemon Cake,Apple Tart,Cherry Tart,Lemon Tart,Blueberry Danish
Chocolate Cake,Lemon Tart,Casino Cake,Gongolais Cookie,Chocolate Coffee
Cheese Croissant,Almond Twist,Orange Juice
Chocolate Cake,Casino Cake,Almond Twist,Chocolate Coffee
Apple Pie,Cherry Tart,Apricot Danish,Hot Coffee
Blackberry Tart,Strawberry Cake,Napoleon Cake
Lemon Tart,Lemon Cookie,Tuile Cookie,Apricot Danish,Single Espresso
Gongolais Cookie,Almond Twist,Truffle Cake
Chocolate Cake,Lemon Tart,Casino Cake,Cheese Croissant,Apricot Danish,Blueberry Danish,Chocolate Coffee,Truffle Cake
Opera Cake,Strawberry Cake,Cherry Soda,Truffle Cake
Cherry Tart,Tuile Cookie,Apricot Danish,Strawberry Cake,Chocolate Eclair
Cherry Tart,Opera Cake,Apple Croissant,Apricot Danish
Chocolate Tart,Chocolate Meringue,Single Espresso,Chocolate Eclair
Chocolate Tart
Pecan Tart,Gongolais Cookie,Raspberry Cookie,Opera Cake,Orange Juice,Vanilla Eclair,Napoleon Cake
Blackberry Tart,Chocolate Tart,Ganache Cookie,Vanilla Meringue,Apple Danish,Strawberry Cake,Cherry Soda
Berry Tart,Raspberry Lemonade,Bottled Water
Lemon Tart,Tuile Cookie,Orange Juice
Strawberry Cake,Napoleon Cake
Apricot Tart,Apple Croissant,Cheese Croissant,Raspberry Lemonade,Orange Juice
Gongolais Cookie,Tuile Cookie,Truffle Cake
Chocolate Cake,Blueberry Tart,Apricot Croissant
Tuile Cookie,Green Tea,Truffle Cake
Lemon Cookie,Apple Danish,Almond Twist,Orange Juice
Apple Croissant
Lemon Lemonade,Orange Juice
Apple Pie,Chocolate Croissant,Cherry Soda
Berry Tart,Tuile Cookie,Lemon Lemonade,Green Tea
Chocolate Cake,Apricot Tart,Vanilla Meringue
Blueberry Tart,Apricot Croissant,Hot Coffee
Almond Tart,Berry Tart,Bottled Water,Chocolate Coffee
Lemon Tart,Apple Danish,Strawberry Cake,Coffee Eclair,Napoleon Cake
Raspberry Cookie,Lemon Cookie,Lemon Lemonade,Raspberry Lemonade,Green Tea
Almond Twist,Strawberry Cake,Napoleon Cake
Gongolais Cookie,Apple Croissant,Truffle Cake
Ganache Cookie,Lemon Cookie,Walnut Cookie
Chocolate Cake,Gongolais Cookie,Chocolate Coffee,Chocolate Eclair
Cherry Tart,Ganache Cookie,Opera Cake,Apricot Danish,Blueberry Danish,Chocolate Coffee
Apple Tart,Apple Croissant,Apple Danish,Almond Bear Claw,Cherry Soda
Tuile Cookie
Raspberry Cookie,Lemon Cookie,Lemon Lemonade,Raspberry Lemonade,Green Tea
Apple Tart,Lemon Cookie
Marzipan Cookie,Tuile Cookie,Chocolate Eclair
Raspberry Cookie,Lemon Cookie,Lemon Lemonade,Raspberry Lemonade,Green Tea
Marzipan Cookie,Tuile Cookie
Berry Tart,Blueberry Tart,Gongolais Cookie,Truffle Cake
Gongolais Cookie,Truffle Cake
Marzipan Cookie,Tuile Cookie,Bottled Water,Vanilla Frappuccino
Gongolais Cookie,Truffle Cake
Chocolate Cake,Casino Cake,Chocolate Coffee
Chocolate Cake,Almond Tart,Almond Croissant
Blackberry Tart,Cheese Croissant,Orange Juice
Strawberry Cake,Lemon Lemonade,Napoleon Cake
Lemon Cake,Apple Danish
Raspberry Cookie,Lemon Cookie,Lemon Lemonade,Raspberry Lemonade
Chocolate Meringue,Marzipan Cookie,Tuile Cookie,Apricot Croissant
Apple Pie,Almond Twist,Hot Coffee,Coffee Eclair
Pecan Tart,Cherry Soda
Apple Pie,Almond Twist,Hot Coffee,Coffee Eclair
Marzipan Cookie,Tuile Cookie,Napoleon Cake
Apple Pie,Almond Twist,Coffee Eclair
Lemon Cake,Casino Cake,Gongolais Cookie,Cherry Soda,Napoleon Cake
Marzipan Cookie,Blueberry Danish,Hot Coffee,Coffee Eclair
Lemon Cake,Blackberry Tart,Cherry Tart,Lemon Tart,Ganache Cookie,Orange Juice,Chocolate Eclair,Vanilla Eclair
Raspberry Cookie,Lemon Cookie,Lemon Lemonade,Raspberry Lemonade
Berry Tart,Pecan Tart,Apricot Croissant,Apple Danish,Strawberry Cake,Bottled Water
Blueberry Tart,Apricot Croissant,Hot Coffee
Cherry Tart,Vanilla Meringue,Orange Juice,Hot Coffee
Apple Pie,Casino Cake,Raspberry Cookie
Apple Pie,Blackberry Tart,Apricot Danish
Apple Croissant,Blueberry Danish,Green Tea,Hot Coffee,Chocolate Coffee
Chocolate Cake,Casino Cake,Tuile Cookie,Lemon Lemonade,Chocolate Coffee
Apricot Tart,Lemon Cookie,Vanilla Meringue,Apricot Danish,Blueberry Danish,Vanilla Frappuccino
Ganache Cookie,Raspberry Cookie,Almond Croissant,Apple Danish,Coffee Eclair
Raspberry Cookie,Lemon Lemonade,Vanilla Frappuccino
Gongolais Cookie,Truffle Cake
Lemon Cake,Lemon Tart,Almond Croissant,Truffle Cake
Blackberry Tart,Single Espresso,Coffee Eclair
Apple Pie,Almond Twist,Hot Coffee,Coffee Eclair
Raspberry Cookie,Apple Croissant,Chocolate Croissant,Hot Coffee
Walnut Cookie,Cherry Soda,Coffee Eclair
Marzipan Cookie,Tuile Cookie
Lemon Cookie,Bottled Water
Blueberry Danish,Strawberry Cake,Truffle Cake,Napoleon Cake
Gongolais Cookie,Chocolate Meringue,Tuile Cookie,Chocolate Croissant,Chocolate Coffee,Truffle Cake
Raspberry Cookie,Apricot Croissant,Cherry Soda
Blueberry Tart,Orange Juice
Gongolais Cookie,Truffle Cake
Blackberry Tart,Chocolate Meringue,Strawberry Cake,Napoleon Cake
Lemon Cake,Apple Tart,Blueberry Tart,Chocolate Tart,Lemon Tart,Vanilla Meringue,Cherry Soda
Lemon Cake,Blueberry Tart,Lemon Tart,Opera Cake,Apricot Danish
Apple Pie,Apple Tart
Almond Tart,Apple Tart,Strawberry Cake,Hot Coffee,Napoleon Cake
Apple Tart,Apple Croissant,Apple Danish,Chocolate Coffee,Cherry Soda
Chocolate Tart,Tuile Cookie,Vanilla Frappuccino
Cherry Tart,Opera Cake,Apricot Danish
Strawberry Cake,Napoleon Cake
Apple Pie,Almond Twist,Hot Coffee,Coffee Eclair
Apple Tart,Gongolais Cookie,Truffle Cake
Berry Tart,Almond Bear Claw,Cherry Soda,Chocolate Eclair
Almond Tart,Chocolate Croissant,Apple Danish,Orange Juice,Napoleon Cake
Cherry Tart,Opera Cake,Apricot Danish
Opera Cake
Berry Tart,Marzipan Cookie
Chocolate Cake,Lemon Cake,Lemon Tart
Cherry Tart,Lemon Cookie,Opera Cake,Apricot Danish
Apple Tart,Apple Croissant,Apple Danish,Cherry Soda
Lemon Tart,Apple Croissant,Raspberry Lemonade
Lemon Cake,Apple Pie,Berry Tart,Apricot Croissant,Chocolate Croissant,Apricot Danish
Berry Tart,Tuile Cookie,Blueberry Danish,Single Espresso,Truffle Cake
Berry Tart,Ganache Cookie,Chocolate Coffee,Napoleon Cake
Chocolate Eclair
Gongolais Cookie,Apple Croissant,Truffle Cake
Apple Pie,Lemon Lemonade
Chocolate Cake,Casino Cake,Chocolate Coffee
Raspberry Cookie,Lemon Cookie,Lemon Lemonade,Raspberry Lemonade,Green Tea
Berry Tart,Raspberry Cookie,Opera Cake,Bottled Water
Cherry Tart,Gongolais Cookie,Orange Juice,Single Espresso
Lemon Cookie,Opera Cake
Apple Tart,Apple Croissant,Apple Danish,Cherry Soda
Pecan Tart,Chocolate Meringue,Marzipan Cookie
Blackberry Tart,Almond Croissant,Blueberry Danish
Blackberry Tart,Single Espresso,Coffee Eclair
Apple Tart,Apple Croissant,Apple Danish,Cherry Soda
Blueberry Tart,Cherry Tart,Apricot Croissant,Orange Juice
Marzipan Cookie,Apple Croissant,Cheese Croissant,Orange Juice
Gongolais Cookie,Green Tea,Truffle Cake,Napoleon Cake
Casino Cake,Apple Danish,Strawberry Cake,Lemon Lemonade,Raspberry Lemonade,Cherry Soda
Lemon Tart,Tuile Cookie,Almond Croissant,Apricot Croissant
Casino Cake,Apple Croissant,Blueberry Danish,Bottled Water
Lemon Cake,Lemon Tart,Casino Cake,Ganache Cookie,Raspberry Cookie,Tuile Cookie,Hot Coffee
Almond Tart,Berry Tart,Blueberry Tart,Raspberry Cookie,Apricot Croissant,Hot Coffee,Coffee Eclair
Berry Tart,Apple Danish,Strawberry Cake,Bottled Water,Napoleon Cake
Ganache Cookie,Walnut Cookie
Apricot Tart,Chocolate Tart,Chocolate Coffee,Napoleon Cake
Almond Bear Claw,Blueberry Danish
Lemon Cake,Lemon Tart,Vanilla Eclair
Chocolate Cake,Cheese Croissant,Orange Juice
Casino Cake,Cheese Croissant,Apple Danish,Vanilla Frappuccino
Apple Tart,Apple Croissant,Apple Danish
Tuile Cookie
Blueberry Tart,Marzipan Cookie,Tuile Cookie
Blackberry Tart,Single Espresso,Coffee Eclair
Ganache Cookie,Lemon Cookie,Cheese Croissant,Chocolate Croissant,Lemon Lemonade,Orange Juice,Bottled Water,Vanilla Eclair
Lemon Cake,Berry Tart,Vanilla Meringue,Apricot Croissant,Raspberry Lemonade
Raspberry Cookie,Cheese Croissant,Orange Juice
Berry Tart,Ganache Cookie,Raspberry Cookie,Lemon Cookie
Chocolate Cake,Casino Cake,Chocolate Coffee
Apple Pie,Walnut Cookie
Lemon Cake,Raspberry Cookie,Cheese Croissant,Orange Juice,Vanilla Frappuccino
Blueberry Tart,Apricot Croissant,Hot Coffee
Opera Cake,Cheese Croissant,Almond Twist,Strawberry Cake,Green Tea,Napoleon Cake
Lemon Tart,Chocolate Meringue,Almond Croissant,Green Tea,Chocolate Coffee
Chocolate Cake,Casino Cake,Chocolate Coffee
Blueberry Tart,Chocolate Tart,Chocolate Croissant
Ganache Cookie,Gongolais Cookie,Chocolate Meringue,Marzipan Cookie,Apple Croissant,Orange Juice,Truffle Cake
Apple Tart,Blueberry Tart,Apple Croissant,Apple Danish,Truffle Cake
Gongolais Cookie,Orange Juice,Vanilla Eclair
Marzipan Cookie,Opera Cake,Apple Danish
Blueberry Tart,Apricot Croissant,Hot Coffee
Apple Tart,Apple Croissant,Apple Danish,Cherry Soda
Gongolais Cookie,Truffle Cake
Apple Pie,Almond Twist,Hot Coffee,Coffee Eclair
Apricot Tart,Pecan Tart,Ganache Cookie,Lemon Cookie,Blueberry Danish,Raspberry Lemonade,Hot Coffee,Napoleon Cake
Lemon Cake,Blackberry Tart,Lemon Cookie,Almond Twist,Napoleon Cake
Strawberry Cake,Napoleon Cake
Cherry Tart,Apricot Danish,Hot Coffee
Chocolate Cake,Casino Cake,Chocolate Coffee
Almond Tart,Berry Tart,Vanilla Frappuccino,Truffle Cake
Lemon Cake,Almond Tart,Berry Tart,Chocolate Meringue,Apple Danish,Strawberry Cake,Single Espresso
Apple Tart,Chocolate Croissant
Blackberry Tart,Single Espresso,Coffee Eclair
Raspberry Cookie,Tuile Cookie
Lemon Cake,Lemon Tart
Chocolate Cake,Casino Cake,Chocolate Coffee
Lemon Cake,Lemon Tart,Casino Cake
Apple Pie,Almond Twist,Hot Coffee,Coffee Eclair
Walnut Cookie,Cheese Croissant,Almond Bear Claw,Hot Coffee,Cherry Soda
Lemon Cookie,Strawberry Cake,Napoleon Cake
Lemon Cake,Lemon Tart,Raspberry Cookie,Almond Croissant,Bottled Water
Apricot Tart,Truffle Cake
Apple Tart,Apple Croissant,Apple Danish,Cherry Soda
Chocolate Cake,Casino Cake,Chocolate Coffee
Berry Tart,Pecan Tart,Lemon Cookie,Tuile Cookie,Apple Croissant,Blueberry Danish,Chocolate Coffee,Truffle Cake
Apricot Tart,Cheese Croissant,Strawberry Cake,Green Tea,Chocolate Coffee,Napoleon Cake
Berry Tart,Gongolais Cookie,Walnut Cookie,Truffle Cake
Almond Tart,Lemon Tart,Casino Cake,Apricot Danish,Hot Coffee,Vanilla Eclair
Berry Tart,Lemon Cookie,Chocolate Croissant,Bottled Water
Gongolais Cookie,Tuile Cookie,Almond Croissant,Vanilla Frappuccino,Truffle Cake
Chocolate Cake,Tuile Cookie,Vanilla Frappuccino
Blackberry Tart,Single Espresso,Coffee Eclair
Tuile Cookie,Raspberry Lemonade,Truffle Cake,Napoleon Cake
Lemon Cake,Apple Pie,Almond Twist,Coffee Eclair
Vanilla Meringue
Bottled Water
Chocolate Cake,Casino Cake,Chocolate Coffee
Almond Tart,Vanilla Meringue,Almond Croissant,Truffle Cake
Apple Tart,Berry Tart,Cheese Croissant,Bottled Water,Vanilla Frappuccino,Vanilla Eclair
Marzipan Cookie,Opera Cake,Strawberry Cake,Orange Juice
Apple Pie,Lemon Lemonade,Hot Coffee,Napoleon Cake
Apple Pie,Apple Tart,Opera Cake,Strawberry Cake,Vanilla Frappuccino,Napoleon Cake
Gongolais Cookie,Apricot Danish,Truffle Cake
Vanilla Meringue,Walnut Cookie,Hot Coffee
Apple Croissant,Strawberry Cake,Napoleon Cake
Chocolate Cake,Apricot Tart,Marzipan Cookie,Tuile Cookie,Apple Croissant,Apple Danish
Chocolate Tart,Apricot Croissant,Vanilla Frappuccino
Lemon Cake,Apple Croissant,Raspberry Lemonade
Berry Tart,Green Tea,Bottled Water
Cherry Tart,Apricot Danish
Almond Tart,Blueberry Tart,Truffle Cake
Cheese Croissant,Almond Twist
Almond Croissant,Apple Croissant,Strawberry Cake
Berry Tart,Chocolate Meringue,Napoleon Cake
Berry Tart,Bottled Water
Raspberry Cookie,Marzipan Cookie,Tuile Cookie
Cherry Tart,Gongolais Cookie,Napoleon Cake
Gongolais Cookie,Truffle Cake,Vanilla Eclair
Almond Tart,Walnut Cookie
Blackberry Tart,Blueberry Tart,Pecan Tart,Opera Cake,Cheese Croissant,Hot Coffee
Apple Tart,Chocolate Meringue,Chocolate Croissant,Strawberry Cake,Vanilla Eclair
Vanilla Meringue,Tuile Cookie,Napoleon Cake
Blackberry Tart,Single Espresso,Coffee Eclair,Napoleon Cake
Opera Cake,Cherry Soda,Single Espresso
Ganache Cookie,Almond Croissant,Apple Croissant,Green Tea,Truffle Cake
Strawberry Cake,Napoleon Cake
Lemon Cake,Lemon Tart,Tuile Cookie
Vanilla Meringue,Cheese Croissant,Strawberry Cake,Vanilla Frappuccino,Napoleon Cake
Lemon Cake,Apricot Tart,Lemon Tart,Raspberry Lemonade
Blackberry Tart,Cherry Tart,Raspberry Lemonade
Berry Tart,Tuile Cookie,Cherry Soda
Gongolais Cookie,Vanilla Frappuccino,Truffle Cake
Single Espresso
Blackberry Tart,Single Espresso,Coffee Eclair
Tuile Cookie,Vanilla Frappuccino,Vanilla Eclair
Chocolate Meringue,Walnut Cookie,Vanilla Eclair
Chocolate Cake,Almond Tart,Ganache Cookie,Strawberry Cake
Raspberry Lemonade
Raspberry Cookie,Vanilla Meringue,Bottled Water,Truffle Cake
Chocolate Meringue
Strawberry Cake,Napoleon Cake
Apple Tart,Chocolate Tart,Vanilla Meringue,Walnut Cookie,Apple Croissant,Vanilla Frappuccino
Cherry Tart,Opera Cake,Apricot Danish
Apple Pie,Chocolate Croissant,Almond Twist,Hot Coffee,Coffee Eclair
Apricot Tart,Cherry Tart,Raspberry Cookie,Chocolate Meringue,Cheese Croissant,Lemon Lemonade,Napoleon Cake
Blackberry Tart
Chocolate Tart,Gongolais Cookie,Lemon Lemonade,Cherry Soda,Truffle Cake
Raspberry Cookie,Cheese Croissant,Chocolate Coffee
Blackberry Tart,Single Espresso,Coffee Eclair
Blueberry Tart,Apricot Croissant,Hot Coffee
Blackberry Tart,Single Espresso,Coffee Eclair
Lemon Cake,Cherry Soda
Casino Cake
Apple Danish,Blueberry Danish,Single Espresso
Almond Tart,Opera Cake,Strawberry Cake
Chocolate Croissant,Apple Danish
Chocolate Tart,Chocolate Croissant,Apricot Danish,Chocolate Coffee,Coffee Eclair
Gongolais Cookie,Truffle Cake
Apricot Croissant,Chocolate Croissant,Apple Danish,Orange Juice
Berry Tart,Chocolate Coffee
Cherry Tart,Walnut Cookie,Opera Cake,Apricot Danish,Almond Twist,Cherry Soda
Marzipan Cookie,Cheese Croissant,Orange Juice
Marzipan Cookie,Tuile Cookie
Marzipan Cookie,Tuile Cookie
Apricot Tart,Ganache Cookie,Strawberry Cake,Napoleon Cake
Lemon Cake,Almond Tart,Ganache Cookie,Gongolais Cookie,Almond Croissant,Apple Croissant,Truffle Cake,Coffee Eclair
Blackberry Tart,Single Espresso,Coffee Eclair
Berry Tart,Raspberry Cookie,Strawberry Cake,Orange Juice,Truffle Cake
Chocolate Tart,Walnut Cookie,Vanilla Frappuccino
Almond Croissant
Cheese Croissant,Orange Juice,Truffle Cake
Marzipan Cookie,Tuile Cookie,Apple Croissant
Blackberry Tart,Single Espresso,Coffee Eclair
Blueberry Tart,Apricot Croissant,Hot Coffee
Lemon Cake,Casino Cake,Chocolate Meringue,Apricot Croissant,Vanilla Eclair
Apple Tart,Apricot Tart
Blueberry Tart,Bottled Water
Chocolate Cake,Chocolate Tart,Lemon Cookie
Vanilla Meringue
Almond Tart,Marzipan Cookie,Tuile Cookie,Strawberry Cake,Green Tea
Berry Tart
Lemon Tart,Strawberry Cake,Vanilla Frappuccino
Cheese Croissant,Orange Juice
Vanilla Frappuccino
Chocolate Tart,Raspberry Cookie,Walnut Cookie,Green Tea,Vanilla Frappuccino,Vanilla Eclair
Chocolate Cake,Cheese Croissant,Chocolate Coffee,Truffle Cake
Cherry Tart,Apricot Danish,Almond Bear Claw,Lemon Lemonade,Vanilla Frappuccino,Napoleon Cake
Apple Pie,Casino Cake,Blueberry Danish,Strawberry Cake
Raspberry Cookie,Lemon Cookie,Strawberry Cake,Truffle Cake,Napoleon Cake
Lemon Cookie,Apricot Croissant,Strawberry Cake
Vanilla Frappuccino,Vanilla Eclair
Lemon Tart,Casino Cake
Casino Cake,Strawberry Cake,Lemon Lemonade,Napoleon Cake
Chocolate Cake,Casino Cake,Chocolate Coffee
Apple Pie,Lemon Tart,Cheese Croissant,Orange Juice
Blueberry Tart,Apricot Croissant,Hot Coffee
Gongolais Cookie,Apricot Croissant,Orange Juice,Truffle Cake,Coffee Eclair
Cheese Croissant,Strawberry Cake,Vanilla Frappuccino
Lemon Tart,Marzipan Cookie,Apple Danish
Lemon Cake,Tuile Cookie,Lemon Lemonade
Raspberry Cookie
Apple Croissant,Cheese Croissant,Strawberry Cake,Napoleon Cake
Tuile Cookie,Strawberry Cake,Vanilla Frappuccino
Chocolate Meringue,Marzipan Cookie,Chocolate Croissant,Single Espresso
Cherry Tart,Opera Cake,Apricot Danish
Marzipan Cookie,Tuile Cookie,Napoleon Cake
Berry Tart,Blackberry Tart,Apricot Danish,Apple Danish
Berry Tart,Marzipan Cookie,Tuile Cookie
Apple Tart,Blueberry Tart,Chocolate Croissant
Chocolate Cake,Apricot Tart,Cherry Tart,Casino Cake,Lemon Cookie,Apple Danish,Chocolate Coffee,Vanilla Frappuccino
Berry Tart,Apricot Croissant,Bottled Water
Blueberry Tart,Apricot Croissant,Hot Coffee
Blueberry Tart,Casino Cake,Vanilla Eclair
Blackberry Tart,Single Espresso,Coffee Eclair
Berry Tart,Vanilla Meringue,Almond Croissant,Blueberry Danish,Bottled Water
Lemon Cake,Raspberry Cookie,Apricot Croissant
Chocolate Cake,Apple Tart,Pecan Tart,Gongolais Cookie,Single Espresso
Blueberry Tart,Pecan Tart,Apricot Croissant,Single Espresso
Raspberry Cookie,Lemon Cookie,Lemon Lemonade,Raspberry Lemonade
Lemon Cake,Walnut Cookie,Opera Cake,Raspberry Lemonade,Orange Juice,Green Tea,Chocolate Coffee
Blueberry Tart,Chocolate Meringue,Cherry Soda,Truffle Cake
Chocolate Tart,Walnut Cookie,Vanilla Frappuccino
Apple Pie,Blueberry Tart,Apricot Croissant,Hot Coffee
Apricot Tart,Strawberry Cake,Napoleon Cake
Chocolate Tart,Vanilla Frappuccino
Apple Pie,Apricot Croissant
Apple Tart,Cheese Croissant,Orange Juice,Chocolate Coffee
Raspberry Cookie,Lemon Cookie,Lemon Lemonade,Raspberry Lemonade
Apricot Tart,Berry Tart,Cheese Croissant,Almond Bear Claw,Single Espresso,Napoleon Cake
Berry Tart,Blackberry Tart,Vanilla Meringue,Vanilla Frappuccino
Cherry Tart,Opera Cake,Apricot Danish
Ganache Cookie,Opera Cake,Bottled Water
Opera Cake,Chocolate Coffee
Napoleon Cake
Blueberry Tart,Lemon Cookie,Almond Croissant,Apple Croissant,Cherry Soda
Lemon Tart
Cheese Croissant,Orange Juice
Chocolate Croissant,Strawberry Cake
Raspberry Cookie,Lemon Cookie,Lemon Lemonade,Raspberry Lemonade,Green Tea
Gongolais Cookie,Truffle Cake
Almond Tart,Apple Croissant
Chocolate Tart,Strawberry Cake,Lemon Lemonade,Vanilla Frappuccino
Blueberry Danish,Vanilla Frappuccino
Berry Tart,Blackberry Tart,Apple Croissant
Vanilla Meringue,Cheese Croissant,Orange Juice,Bottled Water,Truffle Cake
Apricot Tart,Almond Croissant,Almond Bear Claw
Cherry Tart,Casino Cake,Opera Cake,Apricot Danish,Vanilla Frappuccino
Apple Tart,Apple Croissant,Apple Danish,Cherry Soda
Chocolate Tart,Marzipan Cookie,Tuile Cookie
Chocolate Tart,Walnut Cookie,Vanilla Frappuccino
Berry Tart,Bottled Water
Chocolate Cake,Casino Cake,Chocolate Coffee
Chocolate Cake,Ganache Cookie,Cheese Croissant,Blueberry Danish
Berry Tart,Marzipan Cookie,Bottled Water
Apple Tart,Apple Croissant,Apple Danish
Cherry Tart,Truffle Cake
Apple Pie,Almond Twist,Hot Coffee,Coffee Eclair
Chocolate Cake,Pecan Tart
Raspberry Cookie,Almond Croissant
Chocolate Cake,Berry Tart,Blueberry Tart,Apricot Croissant
Vanilla Eclair
Apricot Tart,Vanilla Meringue,Marzipan Cookie,Tuile Cookie,Chocolate Coffee
Apple Tart,Chocolate Tart,Almond Twist,Strawberry Cake,Napoleon Cake
Almond Tart,Pecan Tart,Almond Twist
Apple Pie,Ganache Cookie,Raspberry Cookie,Opera Cake,Coffee Eclair
Ganache Cookie,Apple Croissant,Apricot Croissant
Chocolate Cake,Lemon Cake,Raspberry Cookie,Apricot Croissant,Orange Juice,Bottled Water,Truffle Cake
Chocolate Cake,Casino Cake,Chocolate Coffee
Chocolate Croissant,Almond Twist,Vanilla Frappuccino
Blueberry Tart,Tuile Cookie,Apricot Croissant,Hot Coffee
Cherry Tart,Opera Cake,Apricot Danish
Chocolate Cake,Raspberry Cookie,Cheese Croissant,Apricot Danish,Chocolate Coffee,Cherry Soda,Truffle Cake
Berry Tart,Tuile Cookie,Walnut Cookie,Bottled Water
Apricot Tart,Blackberry Tart,Lemon Cookie
Gongolais Cookie,Raspberry Cookie,Vanilla Eclair
Apple Pie,Berry Tart,Vanilla Meringue,Tuile Cookie,Raspberry Lemonade,Green Tea,Hot Coffee
Gongolais Cookie,Blueberry Danish
Apple Pie,Almond Twist,Hot Coffee,Coffee Eclair
Chocolate Cake,Blackberry Tart,Blueberry Tart,Casino Cake,Gongolais Cookie,Apricot Danish,Chocolate Coffee
Raspberry Lemonade,Orange Juice
Almond Croissant,Chocolate Eclair,Napoleon Cake
Apricot Tart,Almond Twist,Strawberry Cake,Hot Coffee,Single Espresso
Chocolate Cake,Blueberry Tart
Berry Tart,Marzipan Cookie,Tuile Cookie,Almond Twist,Cherry Soda
Apricot Tart,Tuile Cookie
Apricot Tart,Cherry Tart
Berry Tart,Walnut Cookie,Apple Croissant,Apricot Danish,Raspberry Lemonade,Single Espresso
Blackberry Tart,Chocolate Croissant,Chocolate Coffee,Cherry Soda
Blackberry Tart,Tuile Cookie
Cherry Tart,Opera Cake,Apricot Danish
Apple Tart,Apple Croissant,Apple Danish,Cherry Soda
Cheese Croissant,Apricot Danish,Orange Juice
Blueberry Tart,Apricot Croissant,Hot Coffee
Blackberry Tart,Green Tea,Coffee Eclair,Napoleon Cake
Apple Pie,Almond Twist,Hot Coffee,Coffee Eclair
Apple Tart,Apple Croissant,Apple Danish,Cherry Soda
Berry Tart
Berry Tart,Ganache Cookie,Cheese Croissant,Almond Bear Claw,Truffle Cake,Vanilla Eclair
Chocolate Cake,Almond Tart,Opera Cake,Almond Bear Claw,Lemon Lemonade
Almond Tart,Berry Tart,Cherry Tart,Vanilla Frappuccino
Apple Pie,Almond Twist,Almond Bear Claw
Lemon Cake,Cherry Tart,Lemon Tart,Opera Cake,Apricot Danish
Gongolais Cookie,Opera Cake,Truffle Cake
Lemon Cookie,Marzipan Cookie,Chocolate Croissant,Napoleon Cake
Strawberry Cake,Coffee Eclair,Napoleon Cake
Chocolate Cake,Apple Tart,Apricot Danish
Tuile Cookie,Walnut Cookie,Almond Twist
Apple Pie,Tuile Cookie,Cheese Croissant,Raspberry Lemonade,Napoleon Cake
Berry Tart,Bottled Water
Apple Pie,Strawberry Cake,Raspberry Lemonade,Green Tea
Chocolate Tart,Vanilla Frappuccino
Blueberry Tart,Pecan Tart,Marzipan Cookie,Apricot Croissant,Hot Coffee
Berry Tart,Casino Cake,Orange Juice
Ganache Cookie,Strawberry Cake,Green Tea,Napoleon Cake
Chocolate Tart,Walnut Cookie,Vanilla Frappuccino
Raspberry Cookie,Tuile Cookie,Cheese Croissant,Orange Juice
Chocolate Coffee,Chocolate Eclair
Cherry Tart,Opera Cake,Apricot Danish
Berry Tart,Cherry Tart,Lemon Lemonade,Truffle Cake,Napoleon Cake
Chocolate Croissant,Strawberry Cake,Napoleon Cake
Apricot Tart,Berry Tart,Green Tea,Bottled Water
Marzipan Cookie,Tuile Cookie
Blueberry Tart,Apricot Croissant
Berry Tart,Gongolais Cookie,Chocolate Eclair
Chocolate Cake,Almond Tart,Raspberry Lemonade
Chocolate Cake,Cherry Tart,Marzipan Cookie,Apple Croissant,Chocolate Croissant,Almond Twist,Blueberry Danish,Vanilla Frappuccino
Gongolais Cookie,Truffle Cake,Coffee Eclair
Strawberry Cake,Coffee Eclair
Blackberry Tart,Single Espresso,Coffee Eclair
Blackberry Tart,Strawberry Cake
Lemon Cake,Blueberry Tart,Cherry Tart,Pecan Tart,Chocolate Meringue,Walnut Cookie,Apple Danish,Chocolate Coffee
Apricot Tart,Almond Croissant,Orange Juice
Lemon Cookie,Chocolate Meringue,Apple Croissant
Blackberry Tart,Cherry Tart,Strawberry Cake,Coffee Eclair
Gongolais Cookie,Truffle Cake
Tuile Cookie
Raspberry Cookie,Cheese Croissant,Orange Juice
Bottled Water
Blackberry Tart,Lemon Tart,Marzipan Cookie,Tuile Cookie
Chocolate Cake,Apple Pie,Cherry Tart,Raspberry Cookie,Vanilla Frappuccino
Gongolais Cookie,Truffle Cake
Apple Pie,Almond Twist,Coffee Eclair
Apple Pie,Almond Twist,Hot Coffee,Coffee Eclair
Blueberry Tart,Cheese Croissant,Blueberry Danish,Orange Juice,Chocolate Eclair
Raspberry Cookie,Lemon Cookie,Lemon Lemonade,Raspberry Lemonade
Chocolate Cake,Almond Croissant,Apple Croissant,Napoleon Cake
Lemon Cake,Apricot Croissant,Cherry Soda
Casino Cake,Marzipan Cookie,Tuile Cookie,Green Tea
Lemon Cake,Lemon Tart
Apricot Danish
Almond Tart,Cherry Tart,Opera Cake,Apricot Danish
Apple Tart,Strawberry Cake,Cherry Soda,Napoleon Cake
Lemon Cake,Lemon Tart,Chocolate Eclair
Blackberry Tart,Single Espresso,Coffee Eclair
Pecan Tart,Gongolais Cookie,Marzipan Cookie
Apricot Tart
Blackberry Tart,Blueberry Tart,Vanilla Meringue
Cherry Tart,Opera Cake,Apricot Danish
Lemon Tart
Gongolais Cookie,Truffle Cake
Lemon Cake,Lemon Tart
Apple Tart,Apple Danish,Almond Twist,Blueberry Danish
Almond Tart,Casino Cake,Opera Cake,Chocolate Croissant
Almond Croissant,Bottled Water
Apricot Tart,Pecan Tart,Gongolais Cookie,Vanilla Frappuccino
Apple Tart,Vanilla Meringue,Strawberry Cake,Hot Coffee
Apricot Tart,Marzipan Cookie,Apricot Danish,Apple Danish
Chocolate Cake,Casino Cake,Chocolate Coffee
Almond Tart,Coffee Eclair
Lemon Cake,Casino Cake,Chocolate Croissant,Blueberry Danish
Apple Pie,Almond Twist,Hot Coffee,Coffee Eclair
Blueberry Danish,Green Tea,Bottled Water
Berry Tart,Opera Cake,Almond Croissant
Apple Tart,Casino Cake,Almond Croissant,Apricot Croissant,Single Espresso
Lemon Cake,Lemon Tart,Apricot Croissant
Almond Tart,Ganache Cookie,Tuile Cookie,Apple Croissant
Chocolate Tart,Marzipan Cookie,Tuile Cookie,Hot Coffee,Napoleon Cake
Almond Tart,Apple Pie,Blueberry Tart,Apricot Croissant
Apple Tart,Apple Croissant,Apple Danish,Cherry Soda
Cherry Tart,Walnut Cookie,Opera Cake,Apricot Danish,Lemon Lemonade
Raspberry Cookie,Lemon Cookie,Lemon Lemonade,Raspberry Lemonade,Green Tea
Berry Tart,Chocolate Tart,Walnut Cookie,Bottled Water,Vanilla Frappuccino
Almond Bear Claw
Chocolate Cake,Casino Cake,Chocolate Coffee
Cherry Tart,Pecan Tart,Opera Cake,Apricot Danish
Chocolate Tart,Walnut Cookie,Green Tea,Vanilla Frappuccino
Chocolate Cake,Lemon Tart,Vanilla Meringue,Green Tea,Chocolate Eclair
Cherry Tart,Opera Cake,Apricot Danish
Ganache Cookie,Vanilla Meringue,Marzipan Cookie,Tuile Cookie,Blueberry Danish,Orange Juice,Single Espresso,Truffle Cake
Apple Tart,Apple Croissant,Apple Danish,Cherry Soda
Chocolate Cake,Casino Cake,Almond Croissant,Chocolate Coffee,Vanilla Frappuccino
Gongolais Cookie,Cheese Croissant,Truffle Cake
Berry Tart,Cheese Croissant,Orange Juice
Chocolate Cake,Almond Croissant,Green Tea,Chocolate Coffee
Apple Pie,Chocolate Tart,Apricot Danish,Vanilla Frappuccino
Chocolate Cake,Casino Cake,Chocolate Coffee
Blueberry Tart,Apricot Croissant,Hot Coffee
Pecan Tart,Almond Twist,Blueberry Danish,Orange Juice
Berry Tart,Almond Croissant,Bottled Water
Apple Danish,Blueberry Danish
Lemon Cake,Chocolate Tart,Chocolate Meringue,Almond Twist,Raspberry Lemonade,Single Espresso
Almond Croissant,Apple Danish,Bottled Water
Apple Tart,Apple Croissant,Apple Danish,Cherry Soda
Lemon Cookie,Marzipan Cookie,Tuile Cookie,Chocolate Croissant,Blueberry Danish,Hot Coffee,Cherry Soda
Chocolate Cake,Almond Twist,Chocolate Coffee
Cherry Tart,Chocolate Meringue,Bottled Water
Strawberry Cake,Napoleon Cake
Gongolais Cookie,Truffle Cake
Cheese Croissant,Orange Juice
Chocolate Cake,Vanilla Meringue,Marzipan Cookie,Tuile Cookie
Truffle Cake
Casino Cake,Gongolais Cookie,Cheese Croissant,Orange Juice
Blackberry Tart,Single Espresso,Coffee Eclair
Apricot Tart,Chocolate Tart,Almond Twist,Strawberry Cake,Napoleon Cake
Gongolais Cookie,Apricot Danish,Almond Bear Claw,Vanilla Frappuccino,Truffle Cake
Chocolate Cake,Casino Cake,Chocolate Coffee
Marzipan Cookie,Tuile Cookie,Blueberry Danish,Orange Juice
Apple Tart,Apple Croissant,Apple Danish,Cherry Soda
Marzipan Cookie,Tuile Cookie
Blueberry Tart,Apricot Croissant,Hot Coffee,Single Espresso
Ganache Cookie,Lemon Lemonade
Gongolais Cookie,Cherry Soda,Truffle Cake
Raspberry Cookie,Cheese Croissant,Blueberry Danish,Orange Juice,Hot Coffee
Lemon Cake,Chocolate Meringue,Coffee Eclair
Cheese Croissant,Orange Juice
Blueberry Tart,Lemon Tart,Apricot Croissant,Almond Bear Claw,Hot Coffee
Raspberry Cookie,Almond Croissant,Chocolate Coffee,Coffee Eclair
Orange Juice
Almond Tart,Casino Cake,Raspberry Cookie,Orange Juice
Vanilla Meringue,Almond Croissant,Cherry Soda
Blackberry Tart,Single Espresso,Coffee Eclair
Apple Tart,Chocolate Meringue,Blueberry Danish,Cherry Soda
Blueberry Tart,Chocolate Tart,Cheese Croissant,Vanilla Frappuccino,Single Espresso
Single Espresso
Marzipan Cookie,Hot Coffee
Lemon Cake,Apple Pie,Ganache Cookie,Orange Juice,Green Tea
Gongolais Cookie,Vanilla Eclair,Napoleon Cake
Marzipan Cookie,Tuile Cookie
Chocolate Cake,Casino Cake,Vanilla Meringue,Green Tea,Chocolate Coffee
Blueberry Tart,Apricot Croissant,Hot Coffee
Almond Tart,Gongolais Cookie,Blueberry Danish
Apple Pie,Berry Tart,Cherry Tart,Raspberry Cookie,Coffee Eclair
Gongolais Cookie,Green Tea,Truffle Cake
Chocolate Tart,Raspberry Cookie,Walnut Cookie,Vanilla Frappuccino
Lemon Cake,Blackberry Tart,Lemon Tart,Casino Cake
Apple Pie,Almond Twist,Hot Coffee,Coffee Eclair
Apple Tart,Gongolais Cookie,Bottled Water,Truffle Cake
Apple Pie,Gongolais Cookie,Almond Twist,Vanilla Eclair
Pecan Tart,Walnut Cookie
Apple Pie,Apricot Tart,Almond Twist,Blueberry Danish,Hot Coffee,Coffee Eclair,Napoleon Cake
Apple Pie,Almond Twist,Hot Coffee,Coffee Eclair
Opera Cake,Apple Danish,Orange Juice,Single Espresso
Blueberry Tart,Apricot Croissant,Hot Coffee
Ganache Cookie,Apricot Danish
Chocolate Cake,Casino Cake,Chocolate Coffee
Almond Tart,Cherry Tart,Bottled Water
Blackberry Tart,Ganache Cookie,Marzipan Cookie,Tuile Cookie,Chocolate Croissant,Raspberry Lemonade,Chocolate Coffee,Chocolate Eclair
Apple Pie,Almond Twist,Hot Coffee,Coffee Eclair
Blueberry Tart,Lemon Lemonade
Almond Twist,Green Tea
Blackberry Tart,Walnut Cookie,Single Espresso,Coffee Eclair
Apple Tart,Apple Croissant,Apple Danish,Cherry Soda
Gongolais Cookie,Lemon Cookie,Truffle Cake
Apple Tart,Apricot Tart,Berry Tart,Apricot Croissant
Apricot Croissant,Strawberry Cake,Truffle Cake,Napoleon Cake
Almond Tart,Lemon Lemonade,Bottled Water
Cherry Tart,Opera Cake,Apricot Danish
Lemon Cake,Apricot Tart,Pecan Tart,Apple Croissant,Hot Coffee
Almond Twist,Vanilla Frappuccino,Cherry Soda
Strawberry Cake,Napoleon Cake
Lemon Cake,Lemon Tart
Apple Tart,Apple Croissant,Strawberry Cake
Almond Tart,Cheese Croissant
Berry Tart,Bottled Water
Blackberry Tart,Chocolate Croissant,Truffle Cake
Raspberry Cookie,Apple Danish
Walnut Cookie,Apricot Croissant,Apricot Danish,Orange Juice,Truffle Cake
Apple Pie,Walnut Cookie,Opera Cake
Almond Tart,Cherry Tart,Gongolais Cookie,Apricot Danish,Almond Twist,Strawberry Cake,Chocolate Eclair,Vanilla Eclair
Ganache Cookie,Lemon Cookie,Marzipan Cookie
Cheese Croissant,Blueberry Danish
Marzipan Cookie,Tuile Cookie
Almond Tart,Bottled Water,Chocolate Eclair
Gongolais Cookie
Chocolate Cake,Chocolate Coffee
Blueberry Tart,Apricot Croissant,Hot Coffee
Opera Cake,Almond Twist,Orange Juice,Bottled Water,Napoleon Cake
Lemon Tart,Ganache Cookie,Raspberry Cookie,Marzipan Cookie,Almond Croissant
Lemon Tart,Almond Croissant,Truffle Cake
Blackberry Tart,Lemon Tart,Gongolais Cookie,Raspberry Cookie,Truffle Cake
Gongolais Cookie,Truffle Cake
Cherry Tart,Opera Cake,Apricot Danish
Chocolate Tart,Walnut Cookie,Vanilla Frappuccino
Apple Tart,Vanilla Meringue,Apple Croissant,Apple Danish,Raspberry Lemonade,Cherry Soda
Cherry Tart,Opera Cake,Apricot Danish
Almond Tart
Blackberry Tart,Coffee Eclair
Tuile Cookie,Green Tea,Single Espresso
Apple Tart,Marzipan Cookie,Tuile Cookie
Lemon Cake,Lemon Tart
Chocolate Tart,Ganache Cookie
Chocolate Cake,Cherry Tart,Lemon Cookie,Green Tea,Cherry Soda
Blueberry Tart,Apricot Croissant,Hot Coffee
Chocolate Cake,Apple Pie,Cheese Croissant
Opera Cake
Blackberry Tart,Lemon Lemonade,Napoleon Cake
Apple Tart,Almond Croissant,Single Espresso
Hot Coffee
Raspberry Cookie,Lemon Cookie,Lemon Lemonade,Raspberry Lemonade,Green Tea
Berry Tart,Lemon Lemonade,Bottled Water
Blackberry Tart,Raspberry Lemonade,Vanilla Frappuccino
Marzipan Cookie,Tuile Cookie,Walnut Cookie
Chocolate Cake,Casino Cake,Raspberry Cookie,Chocolate Coffee
Apple Pie,Pecan Tart,Coffee Eclair,Vanilla Eclair
Blackberry Tart,Gongolais Cookie,Apricot Croissant,Chocolate Eclair
Apricot Tart,Vanilla Meringue,Truffle Cake
Casino Cake,Pecan Tart
Lemon Cake,Blackberry Tart,Cherry Soda,Coffee Eclair
Chocolate Croissant,Hot Coffee
Apple Tart,Lemon Cookie,Apple Croissant,Chocolate Coffee
Vanilla Meringue,Marzipan Cookie,Tuile Cookie
Raspberry Cookie,Lemon Cookie,Lemon Lemonade,Raspberry Lemonade
Pecan Tart,Marzipan Cookie,Walnut Cookie
Vanilla Meringue
Marzipan Cookie,Tuile Cookie
Lemon Cake,Apricot Tart,Walnut Cookie
Apple Pie,Raspberry Cookie,Chocolate Meringue,Apple Danish,Almond Bear Claw,Hot Coffee
Chocolate Tart,Walnut Cookie,Vanilla Frappuccino
Gongolais Cookie,Almond Croissant,Blueberry Danish
Cheese Croissant,Orange Juice,Hot Coffee,Vanilla Frappuccino
Chocolate Cake,Apple Tart,Casino Cake,Blueberry Danish,Raspberry Lemonade,Chocolate Coffee,Single Espresso
Apple Tart,Apple Croissant,Apple Danish,Cherry Soda
Apple Tart,Chocolate Tart,Marzipan Cookie,Green Tea,Hot Coffee
Chocolate Tart,Vanilla Frappuccino
Apple Tart,Apple Croissant,Apple Danish,Cherry Soda
Pecan Tart,Walnut Cookie,Apricot Croissant,Chocolate Coffee,Vanilla Eclair
Almond Tart,Gongolais Cookie,Raspberry Cookie,Vanilla Meringue,Apple Danish
Pecan Tart,Vanilla Meringue,Bottled Water,Vanilla Frappuccino,Coffee Eclair
Cherry Tart,Casino Cake,Marzipan Cookie,Tuile Cookie,Cheese Croissant
Berry Tart,Ganache Cookie,Raspberry Cookie,Lemon Cookie,Almond Croissant,Orange Juice,Chocolate Coffee
Cherry Tart,Apricot Danish
Lemon Cake
Chocolate Cake,Berry Tart,Pecan Tart,Bottled Water,Chocolate Coffee
Apple Pie,Lemon Cookie,Marzipan Cookie,Truffle Cake,Coffee Eclair
Chocolate Cake,Cherry Tart,Chocolate Meringue,Blueberry Danish
Lemon Cake,Lemon Tart,Marzipan Cookie
Raspberry Cookie,Lemon Cookie,Lemon Lemonade,Raspberry Lemonade,Green Tea
Blueberry Tart
Chocolate Cake,Tuile Cookie,Cheese Croissant,Apricot Danish,Chocolate Coffee,Cherry Soda,Chocolate Eclair
Lemon Cake,Lemon Tart,Bottled Water
Chocolate Tart,Walnut Cookie,Vanilla Frappuccino
Apple Croissant,Chocolate Eclair
Raspberry Cookie,Lemon Cookie,Lemon Lemonade,Raspberry Lemonade,Green Tea
Cheese Croissant,Orange Juice
Lemon Cake,Lemon Tart,Walnut Cookie,Opera Cake,Apple Croissant,Bottled Water
Chocolate Tart,Walnut Cookie,Vanilla Frappuccino
Marzipan Cookie,Apple Croissant,Apricot Croissant,Apple Danish,Chocolate Coffee
Blueberry Tart,Apricot Croissant,Hot Coffee
Lemon Cake,Lemon Tart,Chocolate Croissant,Bottled Water
Chocolate Cake,Cherry Tart,Casino Cake,Cherry Soda,Coffee Eclair
Berry Tart,Lemon Tart
Blackberry Tart,Single Espresso,Coffee Eclair
Apricot Tart,Gongolais Cookie,Almond Croissant,Truffle Cake
Chocolate Tart,Walnut Cookie,Vanilla Frappuccino
Apricot Tart,Marzipan Cookie,Tuile Cookie,Orange Juice,Cherry Soda
Lemon Cake,Gongolais Cookie,Truffle Cake
Strawberry Cake,Napoleon Cake
Apple Pie,Almond Twist,Hot Coffee,Coffee Eclair
Chocolate Cake,Gongolais Cookie,Opera Cake,Almond Twist,Blueberry Danish,Lemon Lemonade,Coffee Eclair
Lemon Cake,Lemon Tart
Gongolais Cookie,Vanilla Meringue
Cheese Croissant,Almond Twist,Orange Juice
Apricot Tart,Marzipan Cookie,Tuile Cookie,Strawberry Cake,Chocolate Coffee,Vanilla Eclair
Marzipan Cookie,Tuile Cookie,Lemon Lemonade
Marzipan Cookie,Tuile Cookie
Cheese Croissant,Orange Juice
Gongolais Cookie,Truffle Cake
Berry Tart,Gongolais Cookie,Bottled Water
Blueberry Tart,Apricot Croissant,Hot Coffee
Blueberry Tart,Tuile Cookie,Opera Cake,Cherry Soda
Gongolais Cookie,Raspberry Cookie,Lemon Cookie,Blueberry Danish
Blackberry Tart,Vanilla Meringue,Tuile Cookie,Cheese Croissant,Apple Danish
Blackberry Tart,Single Espresso,Coffee Eclair
Blackberry Tart,Gongolais Cookie,Marzipan Cookie,Apple Croissant,Cheese Croissant,Lemon Lemonade
Cherry Tart,Apricot Danish,Raspberry Lemonade,Green Tea,Single Espresso
Strawberry Cake,Napoleon Cake
Apple Tart,Apple Croissant,Apple Danish
Lemon Cake,Lemon Tart,Tuile Cookie,Apple Croissant,Almond Bear Claw,Bottled Water,Cherry Soda
Cherry Tart,Strawberry Cake,Napoleon Cake
Apricot Croissant,Chocolate Croissant,Chocolate Eclair
Blackberry Tart,Orange Juice
Apricot Tart,Marzipan Cookie,Tuile Cookie,Apple Danish
Blackberry Tart,Gongolais Cookie,Almond Twist,Green Tea,Single Espresso,Coffee Eclair
Almond Croissant,Green Tea,Coffee Eclair
Blackberry Tart,Chocolate Meringue,Single Espresso
Gongolais Cookie,Cheese Croissant,Raspberry Lemonade
Chocolate Croissant
Berry Tart,Ganache Cookie,Chocolate Meringue,Strawberry Cake,Raspberry Lemonade
Pecan Tart,Raspberry Cookie,Cheese Croissant,Orange Juice
Apricot Tart,Gongolais Cookie,Orange Juice,Hot Coffee,Napoleon Cake
Chocolate Cake,Berry Tart,Gongolais Cookie,Walnut Cookie,Chocolate Coffee
Lemon Cake,Lemon Tart
Blueberry Tart,Opera Cake,Apricot Croissant,Hot Coffee
Strawberry Cake,Napoleon Cake
Ganache Cookie,Blueberry Danish,Strawberry Cake,Napoleon Cake
Cherry Tart,Opera Cake,Blueberry Danish
Apricot Tart,Apricot Croissant,Strawberry Cake
Chocolate Tart,Walnut Cookie,Vanilla Frappuccino
Apple Tart,Apple Croissant,Apple Danish,Cherry Soda
Berry Tart,Blackberry Tart
Raspberry Cookie,Chocolate Coffee
Gongolais Cookie,Truffle Cake
Cherry Tart,Opera Cake,Apricot Danish
Apple Tart,Gongolais Cookie,Vanilla Frappuccino,Cherry Soda
Cherry Tart,Opera Cake,Apricot Danish,Truffle Cake
Raspberry Cookie,Lemon Cookie,Lemon Lemonade,Raspberry Lemonade
Gongolais Cookie
Apple Tart,Blueberry Tart,Cherry Tart,Walnut Cookie,Chocolate Croissant,Single Espresso,Vanilla Eclair
Cheese Croissant,Chocolate Croissant,Orange Juice,Bottled Water
Apricot Tart,Raspberry Cookie,Lemon Cookie,Raspberry Lemonade
Raspberry Cookie,Lemon Cookie,Lemon Lemonade,Raspberry Lemonade,Green Tea
Apricot Tart,Chocolate Meringue
Apple Danish,Raspberry Lemonade,Orange Juice,Truffle Cake
Gongolais Cookie,Apple Croissant,Almond Twist,Vanilla Frappuccino,Truffle Cake
Pecan Tart,Truffle Cake,Coffee Eclair
Berry Tart,Blueberry Tart,Almond Twist,Strawberry Cake,Bottled Water
Cherry Tart,Opera Cake,Apricot Danish
Ganache Cookie,Walnut Cookie,Cheese Croissant,Orange Juice,Vanilla Eclair
Berry Tart,Cherry Tart,Truffle Cake
Marzipan Cookie
Berry Tart,Pecan Tart,Gongolais Cookie,Lemon Cookie
Lemon Cake,Berry Tart,Opera Cake,Apple Croissant,Bottled Water,Hot Coffee,Vanilla Frappuccino
Walnut Cookie,Apple Danish,Raspberry Lemonade,Chocolate Coffee
Blueberry Tart,Apricot Croissant,Hot Coffee
Raspberry Cookie,Lemon Cookie,Lemon Lemonade,Raspberry Lemonade,Green Tea
Apple Pie,Lemon Tart,Almond Bear Claw,Orange Juice,Green Tea,Vanilla Frappuccino,Coffee Eclair
Chocolate Cake,Marzipan Cookie,Tuile Cookie,Apricot Croissant
Chocolate Cake,Casino Cake,Tuile Cookie,Raspberry Lemonade,Chocolate Coffee
Raspberry Cookie,Lemon Cookie,Lemon Lemonade,Raspberry Lemonade,Green Tea
Cherry Tart,Opera Cake,Apricot Danish
Berry Tart,Apple Croissant
Berry Tart,Bottled Water,Vanilla Eclair
Berry Tart,Cherry Tart,Gongolais Cookie,Opera Cake,Apricot Danish
Lemon Cake,Opera Cake,Almond Croissant
Apple Tart,Raspberry Lemonade,Bottled Water,Chocolate Eclair
Apple Pie,Almond Croissant,Green Tea
Blackberry Tart,Single Espresso,Coffee Eclair
Chocolate Cake,Casino Cake,Chocolate Coffee
Lemon Cake,Chocolate Tart,Almond Bear Claw,Green Tea
Chocolate Meringue,Apple Danish
Marzipan Cookie,Coffee Eclair,Napoleon Cake
Apricot Tart,Gongolais Cookie,Truffle Cake
Apple Tart,Apple Croissant,Apple Danish,Cherry Soda
Vanilla Meringue,Blueberry Danish,Green Tea
Apple Tart,Vanilla Meringue,Almond Bear Claw
Lemon Cake,Blueberry Tart,Pecan Tart,Lemon Lemonade
Raspberry Cookie,Lemon Cookie,Lemon Lemonade,Raspberry Lemonade,Green Tea
Tuile Cookie,Almond Twist,Almond Bear Claw,Single Espresso,Chocolate Eclair
Berry Tart,Blueberry Tart,Chocolate Tart,Cherry Tart,Vanilla Meringue,Apple Croissant
Almond Twist,Bottled Water
Apple Pie,Almond Croissant
Gongolais Cookie,Tuile Cookie,Raspberry Lemonade,Cherry Soda
Apple Tart,Apple Croissant,Apple Danish,Cherry Soda
Ganache Cookie,Strawberry Cake,Truffle Cake,Coffee Eclair
Cherry Tart,Opera Cake,Apricot Danish,Raspberry Lemonade,Napoleon Cake
Marzipan Cookie,Tuile Cookie,Orange Juice,Truffle Cake
Gongolais Cookie,Apple Croissant,Truffle Cake
Cheese Croissant,Orange Juice
Blackberry Tart,Strawberry Cake,Napoleon Cake
Apple Pie,Almond Twist,Hot Coffee,Coffee Eclair
Raspberry Cookie,Lemon Cookie,Lemon Lemonade,Raspberry Lemonade,Green Tea
Lemon Lemonade
Lemon Cake,Berry Tart,Lemon Tart,Vanilla Eclair
Berry Tart,Apple Croissant,Bottled Water
Tuile Cookie,Cheese Croissant,Blueberry Danish,Chocolate Eclair
Chocolate Cake,Blueberry Tart,Almond Croissant,Blueberry Danish,Vanilla Frappuccino,Chocolate Eclair
Apple Tart,Apple Croissant,Apple Danish
Lemon Cake,Apple Danish,Chocolate Coffee
Marzipan Cookie,Orange Juice,Bottled Water
Strawberry Cake,Napoleon Cake
Pecan Tart
Gongolais Cookie,Truffle Cake
Almond Tart,Blueberry Tart,Vanilla Meringue
Apricot Tart,Apple Danish,Orange Juice
Apple Tart,Cheese Croissant,Orange Juice,Vanilla Frappuccino
Marzipan Cookie,Tuile Cookie,Strawberry Cake
Lemon Cake,Lemon Tart,Blueberry Danish
Lemon Cake,Blueberry Tart,Apricot Croissant
Apple Tart,Apple Croissant,Apple Danish
Blueberry Tart,Apricot Croissant,Raspberry Lemonade,Hot Coffee
Blueberry Tart,Cheese Croissant,Orange Juice
Apple Tart,Apricot Tart,Apple Croissant,Apricot Danish,Apple Danish,Raspberry Lemonade,Bottled Water
Lemon Tart,Lemon Cookie,Bottled Water,Chocolate Eclair,Napoleon Cake
Raspberry Cookie,Lemon Cookie,Lemon Lemonade,Raspberry Lemonade,Green Tea
Apple Tart,Apple Croissant,Apple Danish,Cherry Soda,Truffle Cake
Chocolate Cake,Casino Cake,Pecan Tart,Bottled Water,Chocolate Coffee
Cherry Tart,Opera Cake,Apricot Danish
Apple Tart,Berry Tart,Lemon Tart,Apricot Croissant,Strawberry Cake,Cherry Soda
Raspberry Lemonade
Chocolate Cake,Berry Tart,Bottled Water
Lemon Cake,Almond Tart,Apricot Tart,Lemon Tart,Chocolate Meringue,Vanilla Meringue,Cheese Croissant,Blueberry Danish
Blackberry Tart,Blueberry Tart,Coffee Eclair
Walnut Cookie,Strawberry Cake,Chocolate Coffee
Berry Tart,Pecan Tart,Lemon Lemonade,Green Tea
Almond Bear Claw,Coffee Eclair
Cherry Tart,Opera Cake,Hot Coffee,Vanilla Frappuccino
Lemon Tart,Walnut Cookie,Green Tea
Blueberry Tart,Napoleon Cake
Chocolate Cake,Pecan Tart,Orange Juice
Almond Tart,Apricot Croissant,Cheese Croissant,Blueberry Danish,Bottled Water,Truffle Cake
Marzipan Cookie,Tuile Cookie
Gongolais Cookie,Chocolate Meringue,Walnut Cookie,Almond Twist,Green Tea,Truffle Cake
Lemon Tart
Blueberry Tart,Chocolate Croissant,Strawberry Cake
Chocolate Tart,Bottled Water,Hot Coffee,Napoleon Cake
Blackberry Tart,Walnut Cookie,Coffee Eclair
Apple Pie,Marzipan Cookie,Almond Twist,Blueberry Danish,Hot Coffee,Single Espresso,Coffee Eclair
Apple Tart,Apple Croissant,Apple Danish,Cherry Soda
Chocolate Croissant,Single Espresso
Apple Croissant
Chocolate Meringue,Cheese Croissant,Orange Juice,Hot Coffee
Blueberry Tart,Marzipan Cookie,Apricot Croissant,Hot Coffee
Chocolate Meringue,Raspberry Lemonade
Blackberry Tart,Lemon Cookie,Chocolate Meringue,Lemon Lemonade,Hot Coffee,Chocolate Eclair,Napoleon Cake
Apple Pie,Walnut Cookie,Almond Twist,Hot Coffee,Coffee Eclair,Vanilla Eclair,Napoleon Cake
Ganache Cookie,Apple Danish
Berry Tart,Chocolate Tart,Gongolais Cookie,Truffle Cake,Coffee Eclair
Almond Bear Claw,Lemon Lemonade
Blackberry Tart,Casino Cake,Gongolais Cookie,Chocolate Meringue,Cheese Croissant,Raspberry Lemonade,Coffee Eclair
Marzipan Cookie,Tuile Cookie
Blueberry Tart,Apricot Croissant,Hot Coffee
Cherry Tart,Tuile Cookie,Vanilla Eclair
Apricot Tart
Raspberry Lemonade
Marzipan Cookie,Tuile Cookie,Almond Bear Claw,Cherry Soda
Cherry Tart,Opera Cake,Apricot Danish
Blueberry Tart,Pecan Tart,Apricot Croissant,Apple Danish
Blueberry Tart,Apricot Croissant,Hot Coffee
Strawberry Cake,Napoleon Cake
Gongolais Cookie,Apple Croissant,Blueberry Danish
Chocolate Cake,Casino Cake,Chocolate Coffee
Chocolate Croissant
Chocolate Cake,Casino Cake,Chocolate Coffee
Chocolate Cake
Apricot Tart,Opera Cake,Chocolate Eclair
Walnut Cookie,Opera Cake,Bottled Water
Marzipan Cookie,Tuile Cookie,Hot Coffee,Napoleon Cake
Almond Tart,Casino Cake,Gongolais Cookie,Apple Croissant,Cheese Croissant,Chocolate Coffee
Casino Cake,Gongolais Cookie,Apricot Croissant,Chocolate Eclair
Chocolate Cake,Almond Croissant,Cheese Croissant,Strawberry Cake,Napoleon Cake
Cherry Tart,Opera Cake,Apricot Danish
Blackberry Tart,Chocolate Croissant,Vanilla Frappuccino
